client_id,campagne_id,date_conversion,montant_achat,version_banniere
CUST_10007,105,2026-03-30,60.89,Version_B
CUST_10008,102,2026-01-02,49.08,Version_B
CUST_10018,112,2026-01-15,113.89,Version_A
CUST_10020,112,2026-03-22,61.69,Version_B
CUST_10021,103,2026-02-10,118.27,Version_B
CUST_10028,110,2026-03-04,23.09,Version_B
CUST_10046,102,2026-01-01,63.9,Version_A
CUST_10070,109,2026-01-14,43.22,Version_A
CUST_10086,110,2026-02-01,339.14,Version_B
CUST_10091,109,2026-01-07,133.46,Version_B
CUST_10093,112,2026-03-07,281.24,Version_A
CUST_10095,106,2026-02-21,85.96,Version_A
CUST_10101,112,2026-03-04,170.46,Version_A
CUST_10102,110,2026-03-03,29.8,Version_B
CUST_10103,109,2026-01-01,159.96,Version_A
CUST_10110,104,2026-03-31,28.49,Version_A
CUST_10122,112,2026-02-04,32.75,Version_A
CUST_10154,102,2026-03-13,59.26,Version_A
CUST_10158,105,2026-02-01,290.74,Version_B
CUST_10179,101,2026-03-22,15.96,Version_B
CUST_10185,112,2026-02-03,57.55,Version_A
CUST_10188,111,2026-02-16,82.0,Version_A
CUST_10199,111,2026-01-23,52.96,Version_A
CUST_10207,110,2026-02-16,160.69,Version_B
CUST_10215,111,2026-02-07,111.14,Version_B
CUST_10220,109,2026-03-27,102.8,Version_B
CUST_10231,112,2026-02-20,319.24,Version_B
CUST_10263,111,2026-01-13,188.6,Version_A
CUST_10266,112,2026-02-05,197.35,Version_B
CUST_10270,112,2026-03-23,311.45,Version_B
CUST_10274,112,2026-02-20,76.29,Version_B
CUST_10280,110,2026-02-10,214.86,Version_A
CUST_10287,111,2026-03-26,140.05,Version_B
CUST_10308,107,2026-01-07,202.66,Version_B
CUST_10322,102,2026-01-18,37.25,Version_B
CUST_10325,112,2026-03-26,47.74,Version_A
CUST_10331,104,2026-01-11,118.18,Version_A
CUST_10336,103,2026-03-03,78.28,Version_B
CUST_10340,110,2026-02-13,93.87,Version_B
CUST_10353,102,2026-01-18,110.67,Version_B
CUST_10361,103,2026-01-13,157.87,Version_B
CUST_10362,103,2026-01-29,20.08,Version_B
CUST_10368,105,2026-03-20,13.66,Version_A
CUST_10373,109,2026-03-13,183.21,Version_B
CUST_10382,108,2026-03-09,127.11,Version_B
CUST_10385,109,2026-03-20,249.42,Version_B
CUST_10410,101,2026-03-23,19.18,Version_B
CUST_10411,112,2026-03-17,186.19,Version_A
CUST_10413,103,2026-02-15,35.37,Version_A
CUST_10416,111,2026-03-19,49.93,Version_A
CUST_10433,111,2026-01-21,518.88,Version_A
CUST_10438,109,2026-02-23,121.53,Version_B
CUST_10444,102,2026-02-13,135.6,Version_A
CUST_10446,109,2026-02-01,350.26,Version_A
CUST_10456,103,2026-03-24,27.34,Version_A
CUST_10482,106,2026-02-06,25.59,Version_A
CUST_10487,105,2026-02-04,244.46,Version_A
CUST_10523,105,2026-02-16,28.52,Version_A
CUST_10557,102,2026-02-01,92.52,Version_B
CUST_10565,109,2026-01-16,226.99,Version_B
CUST_10572,104,2026-01-23,101.35,Version_A
CUST_10582,109,2026-01-02,66.73,Version_A
CUST_10590,112,2026-01-13,199.92,Version_B
CUST_10592,106,2026-01-02,10.03,Version_B
CUST_10594,102,2026-01-11,58.11,Version_B
CUST_10596,109,2026-03-03,38.41,Version_A
CUST_10617,101,2026-03-01,143.66,Version_B
CUST_10622,107,2026-03-28,106.91,Version_B
CUST_10623,103,2026-01-05,20.17,Version_B
CUST_10628,108,2026-03-22,36.18,Version_A
CUST_10635,112,2026-01-17,40.44,Version_B
CUST_10658,109,2026-03-31,116.95,Version_B
CUST_10665,106,2026-02-07,111.11,Version_A
CUST_10666,112,2026-03-12,209.7,Version_A
CUST_10696,109,2026-03-25,100.23,Version_B
CUST_10716,111,2026-03-04,93.77,Version_A
CUST_10722,101,2026-01-03,16.93,Version_B
CUST_10732,111,2026-01-01,512.68,Version_A
CUST_10739,111,2026-01-25,41.24,Version_A
CUST_10752,111,2026-01-16,140.66,Version_A
CUST_10753,103,2026-02-08,96.16,Version_A
CUST_10761,111,2026-02-15,118.64,Version_A
CUST_10765,110,2026-03-24,426.63,Version_B
CUST_10771,108,2026-02-02,35.98,Version_A
CUST_10772,109,2026-02-28,228.84,Version_B
CUST_10781,104,2026-03-06,157.04,Version_A
CUST_10783,112,2026-01-19,94.93,Version_B
CUST_10796,106,2026-01-08,173.63,Version_A
CUST_10808,108,2026-01-30,178.89,Version_A
CUST_10816,110,2026-03-14,103.7,Version_B
CUST_10829,110,2026-02-02,75.45,Version_B
CUST_10864,104,2026-03-11,59.02,Version_A
CUST_10873,109,2026-03-22,27.36,Version_B
CUST_10882,101,2026-03-08,21.59,Version_B
CUST_10883,109,2026-01-13,140.26,Version_B
CUST_10887,104,2026-03-13,51.59,Version_A
CUST_10891,112,2026-03-07,167.35,Version_B
CUST_10896,109,2026-01-19,49.7,Version_A
CUST_10906,112,2026-01-26,81.79,Version_B
CUST_10910,111,2026-01-09,230.34,Version_B
CUST_10919,109,2026-03-24,62.47,Version_B
CUST_10938,112,2026-02-12,128.5,Version_B
CUST_10942,111,2026-02-16,122.78,Version_B
CUST_10947,104,2026-03-16,146.44,Version_B
CUST_10951,112,2026-03-31,97.05,Version_B
CUST_10965,110,2026-02-07,156.59,Version_B
CUST_10974,102,2026-03-23,78.02,Version_B
CUST_10983,110,2026-02-11,216.02,Version_A
CUST_10985,106,2026-03-08,57.59,Version_B
CUST_10989,104,2026-03-31,21.66,Version_A
CUST_11011,105,2026-03-01,133.29,Version_B
CUST_11014,103,2026-03-09,165.03,Version_B
CUST_11018,111,2026-02-16,58.0,Version_B
CUST_11023,101,2026-01-17,227.88,Version_B
CUST_11036,104,2026-02-04,48.96,Version_A
CUST_11041,111,2026-03-05,98.99,Version_B
CUST_11045,103,2026-03-19,63.73,Version_B
CUST_11048,112,2026-02-22,44.83,Version_A
CUST_11058,110,2026-03-03,315.43,Version_B
CUST_11080,106,2026-02-23,19.13,Version_A
CUST_11083,111,2026-01-17,174.24,Version_B
CUST_11087,109,2026-02-03,21.91,Version_A
CUST_11097,106,2026-02-28,177.01,Version_A
CUST_11100,111,2026-03-04,350.39,Version_A
CUST_11109,103,2026-01-12,129.74,Version_A
CUST_11126,110,2026-02-05,72.49,Version_A
CUST_11156,111,2026-01-30,75.35,Version_A
CUST_11178,104,2026-02-22,136.52,Version_B
CUST_11182,105,2026-01-21,35.55,Version_B
CUST_11195,101,2026-03-20,115.57,Version_B
CUST_11199,111,2026-01-25,155.29,Version_A
CUST_11213,104,2026-02-28,95.95,Version_B
CUST_11218,112,2026-01-08,72.61,Version_A
CUST_11245,110,2026-02-25,227.37,Version_A
CUST_11281,105,2026-02-02,14.38,Version_B
CUST_11284,112,2026-02-26,174.74,Version_A
CUST_11292,103,2026-03-07,44.63,Version_B
CUST_11300,112,2026-01-28,69.86,Version_A
CUST_11319,109,2026-01-05,41.55,Version_A
CUST_11329,111,2026-03-31,111.19,Version_B
CUST_11333,102,2026-03-17,18.62,Version_B
CUST_11349,103,2026-02-04,118.97,Version_A
CUST_11355,104,2026-01-16,71.89,Version_A
CUST_11365,110,2026-01-23,52.48,Version_B
CUST_11387,103,2026-03-31,49.93,Version_B
CUST_11413,110,2026-01-31,104.29,Version_B
CUST_11433,109,2026-02-10,247.21,Version_B
CUST_11435,109,2026-02-17,95.13,Version_A
CUST_11438,109,2026-01-12,423.33,Version_B
CUST_11448,103,2026-03-11,78.01,Version_B
CUST_11471,111,2026-03-27,44.79,Version_A
CUST_11485,103,2026-03-29,184.61,Version_B
CUST_11491,109,2026-03-24,76.95,Version_A
CUST_11494,108,2026-02-16,371.67,Version_B
CUST_11502,110,2026-02-19,49.04,Version_B
CUST_11504,104,2026-01-27,69.4,Version_B
CUST_11529,107,2026-01-22,65.31,Version_A
CUST_11541,101,2026-03-21,87.61,Version_B
CUST_11543,109,2026-03-19,36.29,Version_A
CUST_11546,111,2026-03-01,117.09,Version_A
CUST_11548,109,2026-03-09,84.43,Version_A
CUST_11561,104,2026-01-26,155.92,Version_B
CUST_11575,110,2026-02-18,106.38,Version_A
CUST_11581,103,2026-03-05,19.4,Version_B
CUST_11590,109,2026-01-10,30.21,Version_B
CUST_11591,104,2026-03-14,75.55,Version_B
CUST_11596,102,2026-03-15,133.53,Version_A
CUST_11597,109,2026-01-09,274.18,Version_A
CUST_11598,111,2026-01-13,49.92,Version_A
CUST_11609,103,2026-03-03,50.56,Version_B
CUST_11620,111,2026-01-28,105.74,Version_B
CUST_11660,110,2026-03-11,34.07,Version_A
CUST_11665,102,2026-02-27,155.71,Version_A
CUST_11671,103,2026-01-20,24.1,Version_B
CUST_11673,101,2026-03-24,33.62,Version_A
CUST_11697,111,2026-02-24,374.27,Version_B
CUST_11713,110,2026-02-17,65.59,Version_A
CUST_11723,101,2026-01-20,23.54,Version_B
CUST_11735,101,2026-01-16,16.42,Version_A
CUST_11744,105,2026-03-07,29.6,Version_A
CUST_11749,112,2026-03-05,145.45,Version_A
CUST_11762,110,2026-03-03,175.39,Version_B
CUST_11775,110,2026-02-13,180.33,Version_A
CUST_11776,110,2026-01-17,323.89,Version_B
CUST_11796,112,2026-01-08,330.26,Version_A
CUST_11816,105,2026-01-09,40.54,Version_B
CUST_11835,110,2026-03-03,154.52,Version_B
CUST_11837,104,2026-03-29,64.17,Version_A
CUST_11844,101,2026-03-09,23.25,Version_B
CUST_11859,108,2026-02-19,57.53,Version_A
CUST_11882,112,2026-03-09,243.73,Version_B
CUST_11886,112,2026-03-01,52.88,Version_B
CUST_11907,107,2026-02-14,68.25,Version_B
CUST_11908,102,2026-02-19,143.99,Version_A
CUST_11919,104,2026-01-06,111.1,Version_B
CUST_11931,104,2026-03-16,66.2,Version_A
CUST_11972,110,2026-03-30,122.05,Version_B
CUST_11975,105,2026-02-27,131.32,Version_B
CUST_11982,111,2026-02-20,58.46,Version_A
CUST_11985,109,2026-01-25,36.18,Version_B
CUST_11995,106,2026-03-18,92.52,Version_A
CUST_12044,112,2026-01-02,37.78,Version_A
CUST_12055,105,2026-02-13,93.77,Version_B
CUST_12069,111,2026-01-26,164.94,Version_A
CUST_12082,106,2026-02-28,50.92,Version_B
CUST_12093,103,2026-02-07,43.93,Version_B
CUST_12095,109,2026-03-31,23.84,Version_B
CUST_12105,103,2026-03-28,240.97,Version_A
CUST_12140,110,2026-02-04,61.16,Version_A
CUST_12163,112,2026-01-29,73.87,Version_A
CUST_12183,111,2026-01-18,142.16,Version_B
CUST_12190,111,2026-01-30,341.99,Version_B
CUST_12202,110,2026-01-25,21.27,Version_A
CUST_12208,111,2026-01-06,300.0,Version_A
CUST_12210,102,2026-03-15,199.54,Version_B
CUST_12220,108,2026-02-17,49.51,Version_A
CUST_12227,110,2026-01-13,145.2,Version_B
CUST_12239,107,2026-02-24,72.07,Version_B
CUST_12256,102,2026-01-19,159.65,Version_B
CUST_12270,106,2026-01-20,36.62,Version_A
CUST_12273,106,2026-03-03,88.72,Version_A
CUST_12287,101,2026-03-12,37.7,Version_A
CUST_12289,104,2026-03-22,47.55,Version_B
CUST_12299,105,2026-01-19,566.21,Version_A
CUST_12301,111,2026-03-12,332.76,Version_B
CUST_12309,104,2026-01-31,35.95,Version_A
CUST_12329,111,2026-02-06,46.08,Version_A
CUST_12343,109,2026-01-18,255.06,Version_A
CUST_12355,101,2026-01-29,112.7,Version_B
CUST_12385,103,2026-02-10,79.46,Version_B
CUST_12388,112,2026-03-17,217.21,Version_A
CUST_12389,108,2026-03-23,24.51,Version_B
CUST_12397,111,2026-01-14,39.23,Version_A
CUST_12401,106,2026-01-20,14.55,Version_B
CUST_12426,109,2026-01-04,21.18,Version_A
CUST_12428,112,2026-03-07,73.22,Version_B
CUST_12443,110,2026-02-27,66.38,Version_A
CUST_12444,103,2026-01-28,56.3,Version_B
CUST_12459,109,2026-03-24,72.36,Version_A
CUST_12493,103,2026-01-23,66.63,Version_B
CUST_12497,112,2026-03-29,62.4,Version_B
CUST_12501,105,2026-02-07,163.45,Version_A
CUST_12511,110,2026-02-26,98.93,Version_A
CUST_12516,110,2026-03-05,369.76,Version_B
CUST_12525,103,2026-02-25,101.92,Version_A
CUST_12528,111,2026-02-14,72.88,Version_B
CUST_12558,101,2026-01-21,18.63,Version_A
CUST_12561,106,2026-03-19,17.06,Version_A
CUST_12563,102,2026-03-15,26.17,Version_B
CUST_12565,101,2026-02-28,74.13,Version_B
CUST_12577,111,2026-03-05,74.04,Version_A
CUST_12580,112,2026-01-27,165.63,Version_B
CUST_12581,110,2026-01-31,52.36,Version_A
CUST_12582,109,2026-03-02,45.05,Version_A
CUST_12619,110,2026-01-03,48.34,Version_B
CUST_12632,101,2026-03-21,134.23,Version_A
CUST_12634,110,2026-02-28,114.28,Version_A
CUST_12659,109,2026-03-30,41.9,Version_A
CUST_12664,110,2026-02-06,226.8,Version_A
CUST_12666,111,2026-02-07,322.89,Version_B
CUST_12668,101,2026-03-03,111.02,Version_A
CUST_12683,106,2026-01-29,64.43,Version_A
CUST_12699,109,2026-03-29,143.36,Version_B
CUST_12715,108,2026-02-16,14.28,Version_A
CUST_12724,106,2026-03-31,22.93,Version_A
CUST_12726,103,2026-02-13,91.61,Version_A
CUST_12741,110,2026-01-25,92.95,Version_B
CUST_12751,102,2026-03-01,35.79,Version_A
CUST_12759,102,2026-03-04,132.6,Version_B
CUST_12762,103,2026-01-02,55.53,Version_B
CUST_12763,103,2026-02-14,155.92,Version_A
CUST_12773,102,2026-02-21,158.5,Version_A
CUST_12774,109,2026-01-11,25.5,Version_A
CUST_12784,109,2026-03-21,219.98,Version_B
CUST_12787,110,2026-03-12,35.51,Version_B
CUST_12794,106,2026-01-10,196.73,Version_B
CUST_12798,104,2026-02-07,28.16,Version_B
CUST_12804,103,2026-02-12,36.0,Version_B
CUST_12811,111,2026-01-03,65.37,Version_A
CUST_12816,102,2026-03-19,97.78,Version_A
CUST_12825,109,2026-03-23,209.81,Version_A
CUST_12829,105,2026-03-13,114.5,Version_B
CUST_12841,109,2026-01-09,65.19,Version_B
CUST_12849,112,2026-03-09,79.09,Version_B
CUST_12857,104,2026-02-14,38.32,Version_A
CUST_12863,110,2026-03-03,81.86,Version_B
CUST_12879,110,2026-03-12,60.9,Version_A
CUST_12880,110,2026-03-11,68.11,Version_A
CUST_12897,104,2026-02-25,18.53,Version_A
CUST_12920,106,2026-02-13,30.56,Version_B
CUST_12934,112,2026-03-31,36.01,Version_B
CUST_12939,109,2026-03-30,110.82,Version_B
CUST_12962,112,2026-02-27,51.06,Version_A
CUST_12963,103,2026-03-21,98.81,Version_A
CUST_12979,102,2026-03-05,19.02,Version_B
CUST_12981,107,2026-03-18,275.93,Version_A
CUST_12994,110,2026-02-26,25.95,Version_A
CUST_13008,110,2026-03-04,156.56,Version_A
CUST_13011,111,2026-01-04,61.56,Version_B
CUST_13020,103,2026-01-04,146.57,Version_B
CUST_13043,112,2026-01-25,103.07,Version_A
CUST_13051,110,2026-01-19,128.15,Version_A
CUST_13056,108,2026-01-28,142.94,Version_B
CUST_13057,101,2026-03-13,48.03,Version_A
CUST_13072,112,2026-01-13,91.3,Version_B
CUST_13074,102,2026-02-21,107.72,Version_B
CUST_13084,107,2026-03-05,67.31,Version_B
CUST_13088,103,2026-02-04,57.14,Version_A
CUST_13091,104,2026-03-25,42.36,Version_B
CUST_13105,102,2026-03-18,216.23,Version_B
CUST_13107,102,2026-03-07,72.44,Version_A
CUST_13109,109,2026-02-18,146.88,Version_A
CUST_13117,112,2026-03-16,153.59,Version_B
CUST_13121,110,2026-03-30,20.88,Version_A
CUST_13130,102,2026-01-06,30.25,Version_A
CUST_13145,105,2026-03-27,186.83,Version_B
CUST_13147,111,2026-01-25,91.86,Version_B
CUST_13173,106,2026-02-19,79.85,Version_A
CUST_13179,110,2026-02-23,64.13,Version_A
CUST_13186,111,2026-03-05,106.72,Version_B
CUST_13222,111,2026-01-07,71.42,Version_A
CUST_13225,103,2026-01-03,205.96,Version_A
CUST_13244,109,2026-01-28,97.54,Version_A
CUST_13270,111,2026-03-03,69.98,Version_A
CUST_13274,110,2026-02-25,117.23,Version_B
CUST_13304,107,2026-01-04,10.69,Version_A
CUST_13315,112,2026-01-05,118.17,Version_B
CUST_13320,102,2026-03-25,102.68,Version_A
CUST_13324,111,2026-01-10,72.62,Version_A
CUST_13326,102,2026-03-06,95.57,Version_A
CUST_13336,104,2026-03-10,63.71,Version_A
CUST_13342,107,2026-03-08,12.19,Version_A
CUST_13343,111,2026-03-22,111.19,Version_B
CUST_13349,109,2026-02-21,377.27,Version_A
CUST_13350,103,2026-03-16,32.91,Version_B
CUST_13354,105,2026-03-17,23.38,Version_B
CUST_13366,106,2026-03-18,44.96,Version_B
CUST_13371,110,2026-01-13,27.99,Version_B
CUST_13379,112,2026-02-17,90.04,Version_B
CUST_13385,110,2026-01-24,89.1,Version_A
CUST_13394,104,2026-03-27,36.32,Version_A
CUST_13399,102,2026-03-12,222.03,Version_A
CUST_13417,109,2026-01-12,122.76,Version_A
CUST_13427,110,2026-01-09,29.96,Version_B
CUST_13430,111,2026-02-22,226.11,Version_B
CUST_13436,110,2026-02-19,87.8,Version_B
CUST_13437,104,2026-01-01,87.91,Version_A
CUST_13458,110,2026-03-06,168.65,Version_B
CUST_13465,110,2026-01-14,161.7,Version_A
CUST_13481,104,2026-02-25,27.92,Version_A
CUST_13483,110,2026-01-17,354.58,Version_A
CUST_13492,112,2026-01-13,26.65,Version_A
CUST_13503,111,2026-02-06,397.56,Version_B
CUST_13514,103,2026-03-22,155.54,Version_A
CUST_13517,102,2026-02-25,63.97,Version_A
CUST_13520,108,2026-01-16,11.03,Version_B
CUST_13528,108,2026-02-20,48.97,Version_B
CUST_13532,109,2026-02-19,176.13,Version_A
CUST_13538,101,2026-03-01,182.65,Version_B
CUST_13552,105,2026-03-21,129.3,Version_B
CUST_13554,108,2026-01-28,164.36,Version_A
CUST_13595,102,2026-01-07,53.02,Version_B
CUST_13609,110,2026-01-21,125.33,Version_A
CUST_13614,107,2026-03-18,72.81,Version_B
CUST_13620,102,2026-01-13,18.34,Version_A
CUST_13674,109,2026-01-12,25.94,Version_B
CUST_13686,107,2026-02-27,33.86,Version_B
CUST_13702,111,2026-03-26,287.2,Version_B
CUST_13720,112,2026-03-25,298.54,Version_A
CUST_13726,109,2026-03-27,102.12,Version_B
CUST_13727,104,2026-03-13,94.79,Version_A
CUST_13733,112,2026-03-30,268.86,Version_A
CUST_13759,102,2026-01-18,57.61,Version_A
CUST_13760,112,2026-03-07,175.1,Version_A
CUST_13762,112,2026-01-04,183.77,Version_A
CUST_13768,109,2026-02-01,46.09,Version_B
CUST_13788,106,2026-02-17,135.45,Version_A
CUST_13792,110,2026-01-21,49.81,Version_B
CUST_13829,101,2026-03-02,134.74,Version_A
CUST_13831,112,2026-03-23,39.91,Version_A
CUST_13847,110,2026-02-22,98.64,Version_B
CUST_13849,102,2026-02-04,94.8,Version_B
CUST_13857,110,2026-01-28,312.8,Version_A
CUST_13878,112,2026-03-09,166.99,Version_A
CUST_13880,112,2026-01-26,58.25,Version_B
CUST_13891,106,2026-01-15,118.41,Version_A
CUST_13901,107,2026-02-15,144.52,Version_A
CUST_13919,110,2026-01-30,205.07,Version_B
CUST_13944,112,2026-01-20,78.1,Version_A
CUST_13946,111,2026-02-19,27.03,Version_A
CUST_13952,111,2026-01-11,118.08,Version_B
CUST_13979,112,2026-02-01,167.92,Version_B
CUST_13992,111,2026-02-22,370.94,Version_B
CUST_13993,105,2026-03-05,52.4,Version_A
CUST_13994,111,2026-03-20,212.69,Version_B
CUST_13996,107,2026-01-22,48.05,Version_B
CUST_13999,102,2026-02-06,75.35,Version_A
CUST_14010,102,2026-01-15,141.04,Version_B
CUST_14012,109,2026-03-09,81.03,Version_A
CUST_14013,109,2026-01-27,155.04,Version_B
CUST_14026,110,2026-01-14,136.71,Version_A
CUST_14079,111,2026-01-15,106.83,Version_A
CUST_14088,101,2026-02-27,37.42,Version_A
CUST_14092,111,2026-03-17,164.15,Version_B
CUST_14095,111,2026-03-15,281.21,Version_A
CUST_14097,103,2026-01-02,75.79,Version_B
CUST_14103,104,2026-01-14,226.28,Version_A
CUST_14109,111,2026-01-25,94.8,Version_A
CUST_14125,110,2026-03-25,56.86,Version_A
CUST_14139,103,2026-01-15,35.79,Version_B
CUST_14140,111,2026-02-03,21.01,Version_A
CUST_14150,111,2026-03-09,97.73,Version_B
CUST_14167,109,2026-03-25,502.35,Version_A
CUST_14193,112,2026-03-04,34.63,Version_A
CUST_14198,109,2026-01-07,120.04,Version_A
CUST_14201,110,2026-02-21,31.43,Version_A
CUST_14213,112,2026-03-25,81.57,Version_A
CUST_14231,112,2026-03-07,89.47,Version_B
CUST_14243,112,2026-02-07,88.95,Version_B
CUST_14245,109,2026-02-12,45.23,Version_A
CUST_14259,105,2026-01-14,20.74,Version_B
CUST_14270,109,2026-02-07,58.45,Version_A
CUST_14271,112,2026-03-08,132.37,Version_A
CUST_14274,109,2026-01-17,23.44,Version_B
CUST_14277,108,2026-03-12,39.65,Version_B
CUST_14298,109,2026-02-16,101.2,Version_B
CUST_14304,104,2026-01-11,42.26,Version_B
CUST_14306,104,2026-01-14,22.6,Version_B
CUST_14307,109,2026-01-06,31.39,Version_A
CUST_14318,104,2026-01-14,17.92,Version_B
CUST_14330,104,2026-01-22,92.5,Version_B
CUST_14354,109,2026-02-04,186.8,Version_B
CUST_14369,102,2026-02-03,28.77,Version_B
CUST_14388,110,2026-02-05,49.46,Version_B
CUST_14393,106,2026-01-20,51.13,Version_B
CUST_14397,102,2026-02-19,25.09,Version_A
CUST_14412,111,2026-03-26,65.12,Version_A
CUST_14417,109,2026-03-13,96.19,Version_A
CUST_14427,109,2026-01-19,75.31,Version_A
CUST_14480,112,2026-01-04,118.59,Version_A
CUST_14491,104,2026-02-21,47.55,Version_B
CUST_14536,109,2026-02-13,75.67,Version_B
CUST_14540,109,2026-03-15,34.52,Version_A
CUST_14545,103,2026-02-06,167.81,Version_A
CUST_14574,101,2026-01-30,85.1,Version_B
CUST_14577,107,2026-03-20,256.34,Version_A
CUST_14591,111,2026-03-05,20.42,Version_B
CUST_14601,111,2026-03-24,67.93,Version_B
CUST_14612,111,2026-02-23,73.23,Version_B
CUST_14624,107,2026-03-07,100.42,Version_B
CUST_14630,103,2026-01-13,166.67,Version_A
CUST_14634,108,2026-01-17,35.92,Version_A
CUST_14649,111,2026-02-13,74.27,Version_B
CUST_14677,106,2026-01-29,280.88,Version_B
CUST_14691,102,2026-03-26,58.69,Version_A
CUST_14699,107,2026-03-06,99.69,Version_A
CUST_14702,111,2026-01-09,78.2,Version_B
CUST_14713,110,2026-01-18,54.07,Version_B
CUST_14744,102,2026-02-01,140.22,Version_B
CUST_14748,102,2026-02-03,56.29,Version_A
CUST_14761,111,2026-01-29,26.91,Version_B
CUST_14764,104,2026-01-27,106.79,Version_A
CUST_14773,106,2026-01-06,35.9,Version_B
CUST_14791,109,2026-02-07,40.87,Version_A
CUST_14794,103,2026-02-20,34.53,Version_B
CUST_14801,108,2026-02-23,56.99,Version_A
CUST_14804,110,2026-03-17,132.78,Version_B
CUST_14805,106,2026-02-17,79.74,Version_B
CUST_14821,112,2026-01-28,134.7,Version_B
CUST_14851,110,2026-03-28,94.98,Version_B
CUST_14866,103,2026-03-20,148.07,Version_B
CUST_14869,112,2026-01-16,216.64,Version_A
CUST_14881,101,2026-03-12,48.25,Version_A
CUST_14882,110,2026-02-20,36.03,Version_A
CUST_14896,112,2026-03-25,93.07,Version_B
CUST_14900,110,2026-02-13,415.99,Version_A
CUST_14910,105,2026-01-28,13.38,Version_B
CUST_14929,111,2026-03-29,192.21,Version_A
CUST_14946,110,2026-03-08,148.54,Version_B
CUST_14950,111,2026-01-25,40.8,Version_A
CUST_14951,110,2026-03-08,138.29,Version_A
CUST_14973,103,2026-01-03,105.36,Version_B
CUST_14975,112,2026-02-07,85.79,Version_A
CUST_14976,103,2026-01-11,111.97,Version_B
CUST_14989,109,2026-03-28,54.13,Version_B
CUST_14998,109,2026-02-26,125.93,Version_B
CUST_15009,103,2026-02-24,197.27,Version_B
CUST_15031,111,2026-02-20,376.83,Version_A
CUST_15036,104,2026-02-10,224.6,Version_B
CUST_15043,111,2026-01-18,87.03,Version_A
CUST_15053,110,2026-01-01,37.83,Version_A
CUST_15057,108,2026-02-21,377.91,Version_B
CUST_15062,105,2026-03-14,11.89,Version_B
CUST_15073,103,2026-02-01,40.38,Version_B
CUST_15076,104,2026-03-17,118.92,Version_A
CUST_15078,111,2026-03-30,23.54,Version_A
CUST_15084,112,2026-01-12,167.27,Version_A
CUST_15101,110,2026-01-02,161.14,Version_B
CUST_15102,112,2026-02-21,48.72,Version_B
CUST_15103,105,2026-01-25,54.16,Version_A
CUST_15108,107,2026-01-01,44.13,Version_B
CUST_15130,107,2026-03-26,101.57,Version_B
CUST_15135,112,2026-03-04,88.12,Version_B
CUST_15139,110,2026-02-26,255.34,Version_B
CUST_15146,108,2026-03-16,72.76,Version_B
CUST_15148,111,2026-03-21,472.29,Version_A
CUST_15162,105,2026-03-04,12.51,Version_A
CUST_15171,107,2026-01-01,73.23,Version_A
CUST_15178,108,2026-01-14,452.33,Version_A
CUST_15198,110,2026-02-16,174.37,Version_B
CUST_15215,110,2026-03-27,135.57,Version_B
CUST_15238,103,2026-03-22,115.88,Version_A
CUST_15240,108,2026-03-15,89.39,Version_B
CUST_15245,109,2026-02-13,119.77,Version_B
CUST_15247,102,2026-01-12,27.22,Version_A
CUST_15250,101,2026-03-25,64.44,Version_B
CUST_15265,112,2026-03-28,121.65,Version_B
CUST_15273,108,2026-03-31,25.11,Version_B
CUST_15285,101,2026-01-19,30.9,Version_B
CUST_15302,104,2026-01-16,28.24,Version_B
CUST_15303,102,2026-01-07,55.39,Version_A
CUST_15307,105,2026-02-24,91.01,Version_A
CUST_15316,105,2026-01-27,104.11,Version_B
CUST_15318,110,2026-01-28,277.27,Version_A
CUST_15323,105,2026-03-09,81.55,Version_A
CUST_15346,109,2026-01-18,48.33,Version_A
CUST_15347,103,2026-01-30,285.94,Version_A
CUST_15354,104,2026-02-22,151.54,Version_B
CUST_15381,111,2026-03-03,113.09,Version_B
CUST_15394,101,2026-03-24,110.97,Version_A
CUST_15399,106,2026-03-29,133.29,Version_A
CUST_15401,103,2026-01-14,37.29,Version_B
CUST_15403,103,2026-02-07,83.14,Version_B
CUST_15408,101,2026-02-03,144.65,Version_B
CUST_15416,111,2026-02-17,171.38,Version_B
CUST_15432,103,2026-01-21,163.59,Version_A
CUST_15434,103,2026-02-21,99.43,Version_B
CUST_15440,102,2026-02-11,155.91,Version_B
CUST_15446,110,2026-02-21,105.25,Version_A
CUST_15459,109,2026-02-24,262.12,Version_B
CUST_15488,108,2026-02-13,16.69,Version_B
CUST_15489,103,2026-02-10,48.51,Version_A
CUST_15492,110,2026-02-17,34.31,Version_A
CUST_15504,105,2026-02-13,54.45,Version_A
CUST_15521,108,2026-01-31,155.77,Version_A
CUST_15534,108,2026-02-03,191.85,Version_A
CUST_15536,103,2026-03-04,117.12,Version_B
CUST_15543,111,2026-02-27,142.92,Version_A
CUST_15552,107,2026-01-30,135.46,Version_B
CUST_15564,111,2026-01-12,88.5,Version_B
CUST_15569,110,2026-02-03,45.63,Version_B
CUST_15570,112,2026-02-05,122.58,Version_A
CUST_15577,112,2026-01-03,74.62,Version_B
CUST_15584,101,2026-03-01,73.06,Version_B
CUST_15588,110,2026-02-14,42.05,Version_A
CUST_15592,101,2026-02-15,205.13,Version_B
CUST_15601,106,2026-01-23,43.86,Version_B
CUST_15613,112,2026-03-18,324.65,Version_A
CUST_15621,106,2026-01-16,193.01,Version_A
CUST_15629,112,2026-01-03,353.26,Version_B
CUST_15639,110,2026-03-08,121.63,Version_B
CUST_15668,107,2026-02-09,98.14,Version_B
CUST_15682,110,2026-01-14,63.86,Version_B
CUST_15684,110,2026-01-26,21.46,Version_B
CUST_15688,111,2026-03-18,80.0,Version_A
CUST_15720,110,2026-01-05,253.56,Version_B
CUST_15738,111,2026-02-03,24.37,Version_A
CUST_15742,102,2026-02-10,49.36,Version_B
CUST_15747,105,2026-02-19,43.03,Version_A
CUST_15755,108,2026-03-20,25.54,Version_B
CUST_15757,107,2026-03-15,47.93,Version_A
CUST_15762,107,2026-02-18,158.2,Version_A
CUST_15772,111,2026-01-15,70.8,Version_A
CUST_15776,106,2026-03-01,112.6,Version_A
CUST_15791,110,2026-03-18,161.54,Version_A
CUST_15798,112,2026-03-13,50.51,Version_A
CUST_15801,108,2026-02-24,25.71,Version_A
CUST_15804,111,2026-01-26,62.97,Version_B
CUST_15806,104,2026-02-08,40.19,Version_B
CUST_15808,112,2026-01-14,69.52,Version_A
CUST_15816,110,2026-02-12,35.71,Version_A
CUST_15819,111,2026-02-10,278.62,Version_A
CUST_15829,112,2026-01-11,138.48,Version_A
CUST_15835,105,2026-03-27,171.55,Version_B
CUST_15838,111,2026-03-22,57.91,Version_B
CUST_15842,109,2026-03-04,61.27,Version_A
CUST_15861,101,2026-03-18,17.17,Version_B
CUST_15871,102,2026-03-12,44.26,Version_B
CUST_15879,109,2026-01-05,26.86,Version_A
CUST_15893,111,2026-03-30,31.71,Version_B
CUST_15898,103,2026-02-25,64.35,Version_A
CUST_15906,103,2026-01-18,55.01,Version_A
CUST_15919,103,2026-02-01,43.25,Version_B
CUST_15928,112,2026-03-20,300.11,Version_B
CUST_15933,107,2026-01-31,108.88,Version_A
CUST_15938,107,2026-03-07,206.69,Version_B
CUST_15952,107,2026-02-01,81.94,Version_B
CUST_15953,111,2026-03-23,106.89,Version_B
CUST_15989,109,2026-02-17,132.78,Version_B
CUST_16007,101,2026-03-15,55.22,Version_B
CUST_16020,103,2026-01-17,43.45,Version_A
CUST_16021,112,2026-03-01,72.16,Version_A
CUST_16037,101,2026-01-30,17.14,Version_B
CUST_16055,106,2026-03-30,38.4,Version_B
CUST_16061,103,2026-01-31,34.07,Version_B
CUST_16067,111,2026-01-16,165.66,Version_B
CUST_16069,102,2026-01-13,229.67,Version_A
CUST_16100,111,2026-01-08,137.63,Version_B
CUST_16116,102,2026-02-06,27.35,Version_A
CUST_16133,103,2026-01-19,33.3,Version_B
CUST_16155,111,2026-01-03,70.32,Version_A
CUST_16171,112,2026-03-25,164.35,Version_B
CUST_16180,110,2026-02-18,136.24,Version_B
CUST_16191,110,2026-03-15,205.91,Version_B
CUST_16198,112,2026-01-22,44.2,Version_B
CUST_16201,109,2026-03-28,79.63,Version_B
CUST_16202,111,2026-03-08,90.52,Version_B
CUST_16205,104,2026-03-11,23.07,Version_B
CUST_16211,112,2026-02-15,31.42,Version_B
CUST_16214,103,2026-01-07,161.78,Version_B
CUST_16222,109,2026-02-14,121.13,Version_B
CUST_16230,110,2026-03-04,27.4,Version_B
CUST_16249,111,2026-03-12,72.55,Version_B
CUST_16258,111,2026-03-02,55.89,Version_A
CUST_16266,108,2026-02-22,214.31,Version_B
CUST_16268,110,2026-03-07,139.68,Version_B
CUST_16272,105,2026-03-01,44.19,Version_B
CUST_16279,111,2026-01-22,51.97,Version_A
CUST_16280,112,2026-01-02,256.62,Version_B
CUST_16288,112,2026-01-29,208.55,Version_A
CUST_16292,110,2026-02-04,93.19,Version_A
CUST_16296,110,2026-03-29,67.01,Version_B
CUST_16310,101,2026-02-16,27.75,Version_A
CUST_16312,110,2026-01-01,109.98,Version_B
CUST_16321,104,2026-03-28,209.85,Version_A
CUST_16322,107,2026-03-05,30.92,Version_B
CUST_16324,112,2026-01-27,87.42,Version_A
CUST_16332,109,2026-03-15,265.68,Version_B
CUST_16364,111,2026-03-22,77.45,Version_A
CUST_16372,103,2026-02-20,16.14,Version_B
CUST_16376,111,2026-02-17,30.69,Version_B
CUST_16403,111,2026-03-08,34.38,Version_B
CUST_16420,106,2026-01-04,358.19,Version_A
CUST_16426,111,2026-03-22,42.68,Version_B
CUST_16436,103,2026-02-08,44.74,Version_B
CUST_16438,111,2026-03-18,47.78,Version_B
CUST_16439,106,2026-01-05,31.4,Version_A
CUST_16459,111,2026-03-19,340.5,Version_A
CUST_16461,111,2026-02-14,55.53,Version_A
CUST_16463,109,2026-02-06,36.45,Version_A
CUST_16466,110,2026-02-11,40.0,Version_B
CUST_16469,111,2026-02-07,145.58,Version_B
CUST_16470,110,2026-02-01,120.03,Version_B
CUST_16476,101,2026-01-20,77.32,Version_B
CUST_16480,101,2026-01-12,15.89,Version_B
CUST_16485,112,2026-02-22,186.59,Version_B
CUST_16491,105,2026-03-11,202.8,Version_B
CUST_16537,112,2026-02-22,128.04,Version_B
CUST_16545,108,2026-02-04,15.14,Version_A
CUST_16577,111,2026-03-06,581.0,Version_B
CUST_16578,108,2026-01-22,12.48,Version_A
CUST_16579,101,2026-01-07,44.12,Version_A
CUST_16583,109,2026-03-08,286.54,Version_B
CUST_16596,101,2026-03-24,386.32,Version_B
CUST_16609,103,2026-02-11,43.44,Version_A
CUST_16618,111,2026-02-06,55.54,Version_A
CUST_16622,112,2026-01-01,331.9,Version_A
CUST_16627,106,2026-02-15,211.1,Version_A
CUST_16667,109,2026-02-07,93.14,Version_A
CUST_16684,107,2026-02-16,51.96,Version_B
CUST_16701,105,2026-02-11,230.58,Version_B
CUST_16710,105,2026-01-04,60.5,Version_B
CUST_16715,110,2026-03-20,33.7,Version_B
CUST_16744,111,2026-03-23,46.42,Version_B
CUST_16779,109,2026-03-01,172.32,Version_A
CUST_16803,110,2026-02-12,124.26,Version_A
CUST_16821,112,2026-02-13,58.05,Version_B
CUST_16826,106,2026-02-24,85.61,Version_A
CUST_16838,111,2026-03-09,31.83,Version_A
CUST_16862,109,2026-02-27,39.82,Version_B
CUST_16883,103,2026-02-08,22.1,Version_A
CUST_16888,111,2026-03-02,129.04,Version_B
CUST_16893,109,2026-01-27,56.33,Version_B
CUST_16897,110,2026-03-15,33.17,Version_B
CUST_16904,111,2026-02-14,47.45,Version_B
CUST_16937,104,2026-03-10,19.6,Version_A
CUST_16945,112,2026-01-07,33.41,Version_B
CUST_16955,112,2026-01-25,34.35,Version_A
CUST_16961,102,2026-02-24,55.02,Version_A
CUST_16963,107,2026-01-29,232.4,Version_A
CUST_16969,111,2026-02-27,133.43,Version_A
CUST_16975,102,2026-03-30,84.01,Version_A
CUST_16990,111,2026-03-24,40.58,Version_A
CUST_16991,102,2026-01-27,76.24,Version_B
CUST_16998,110,2026-01-25,166.49,Version_B
CUST_17006,111,2026-01-25,160.63,Version_B
CUST_17017,101,2026-01-02,49.27,Version_A
CUST_17037,110,2026-03-17,53.49,Version_A
CUST_17066,110,2026-02-21,51.24,Version_B
CUST_17071,102,2026-02-25,164.31,Version_B
CUST_17076,108,2026-03-28,29.04,Version_A
CUST_17085,111,2026-03-29,62.83,Version_B
CUST_17092,109,2026-01-10,64.58,Version_A
CUST_17098,110,2026-03-24,49.28,Version_B
CUST_17106,110,2026-01-31,558.72,Version_A
CUST_17120,111,2026-01-07,49.92,Version_A
CUST_17133,103,2026-03-30,24.06,Version_A
CUST_17139,109,2026-01-23,111.19,Version_A
CUST_17145,111,2026-01-20,38.64,Version_B
CUST_17165,104,2026-03-13,55.76,Version_A
CUST_17179,112,2026-02-11,73.54,Version_B
CUST_17181,111,2026-01-22,323.11,Version_A
CUST_17186,110,2026-01-16,118.1,Version_B
CUST_17193,101,2026-01-12,18.0,Version_B
CUST_17201,111,2026-03-09,198.54,Version_A
CUST_17207,108,2026-03-31,122.1,Version_A
CUST_17209,101,2026-03-07,30.64,Version_B
CUST_17217,111,2026-03-22,203.5,Version_B
CUST_17221,106,2026-01-09,34.97,Version_B
CUST_17233,106,2026-03-21,48.74,Version_B
CUST_17234,111,2026-01-15,24.45,Version_B
CUST_17235,101,2026-01-02,61.06,Version_A
CUST_17238,107,2026-02-21,22.79,Version_B
CUST_17241,104,2026-01-13,72.72,Version_A
CUST_17261,110,2026-03-09,345.04,Version_B
CUST_17268,106,2026-02-23,17.23,Version_B
CUST_17272,109,2026-02-07,45.31,Version_A
CUST_17278,111,2026-01-25,82.27,Version_B
CUST_17284,111,2026-01-13,295.77,Version_B
CUST_17306,106,2026-02-26,47.4,Version_A
CUST_17311,110,2026-01-16,134.95,Version_A
CUST_17315,109,2026-02-12,210.15,Version_B
CUST_17331,109,2026-03-24,244.0,Version_B
CUST_17339,104,2026-03-18,81.08,Version_A
CUST_17361,111,2026-03-12,105.0,Version_B
CUST_17364,112,2026-03-25,145.31,Version_B
CUST_17368,109,2026-01-11,22.31,Version_A
CUST_17374,101,2026-03-31,132.6,Version_B
CUST_17377,112,2026-02-05,59.77,Version_B
CUST_17385,112,2026-03-19,65.4,Version_A
CUST_17418,110,2026-03-09,55.01,Version_B
CUST_17432,105,2026-02-21,217.26,Version_A
CUST_17445,109,2026-01-25,171.0,Version_B
CUST_17446,105,2026-02-18,13.8,Version_B
CUST_17454,112,2026-03-02,175.16,Version_B
CUST_17457,111,2026-02-03,105.16,Version_B
CUST_17461,104,2026-01-27,73.06,Version_A
CUST_17480,104,2026-03-26,123.89,Version_B
CUST_17481,109,2026-02-04,54.13,Version_A
CUST_17490,111,2026-02-06,213.05,Version_B
CUST_17498,108,2026-01-11,128.79,Version_A
CUST_17513,104,2026-02-17,96.57,Version_B
CUST_17516,112,2026-01-05,119.9,Version_A
CUST_17521,109,2026-02-10,31.04,Version_B
CUST_17528,103,2026-01-21,110.24,Version_B
CUST_17534,112,2026-02-06,287.58,Version_B
CUST_17547,111,2026-03-20,302.05,Version_A
CUST_17558,112,2026-03-22,55.6,Version_A
CUST_17573,112,2026-02-01,144.58,Version_B
CUST_17574,105,2026-02-23,133.58,Version_A
CUST_17610,103,2026-03-01,45.72,Version_A
CUST_17641,111,2026-02-05,130.29,Version_B
CUST_17644,109,2026-03-03,244.28,Version_B
CUST_17654,109,2026-03-03,80.99,Version_B
CUST_17655,106,2026-01-02,54.7,Version_A
CUST_17677,109,2026-02-05,33.13,Version_A
CUST_17678,101,2026-01-20,32.39,Version_A
CUST_17681,112,2026-03-03,21.69,Version_B
CUST_17691,104,2026-03-05,92.14,Version_A
CUST_17709,112,2026-02-10,32.88,Version_B
CUST_17715,111,2026-02-10,105.76,Version_B
CUST_17720,101,2026-02-12,166.95,Version_A
CUST_17734,109,2026-02-28,38.44,Version_B
CUST_17750,103,2026-01-25,74.62,Version_B
CUST_17759,101,2026-01-30,49.65,Version_B
CUST_17772,112,2026-03-20,77.12,Version_B
CUST_17773,109,2026-02-20,395.87,Version_B
CUST_17794,110,2026-02-09,35.89,Version_A
CUST_17801,103,2026-02-03,38.59,Version_A
CUST_17816,109,2026-01-24,133.38,Version_B
CUST_17821,109,2026-02-24,333.03,Version_B
CUST_17831,109,2026-02-21,204.6,Version_A
CUST_17858,111,2026-02-13,68.28,Version_B
CUST_17860,111,2026-02-28,103.72,Version_A
CUST_17866,109,2026-02-27,190.62,Version_A
CUST_17867,110,2026-03-18,193.53,Version_A
CUST_17884,101,2026-03-18,169.72,Version_B
CUST_17888,104,2026-02-22,254.23,Version_B
CUST_17914,103,2026-03-12,75.42,Version_A
CUST_17930,101,2026-01-22,111.84,Version_B
CUST_17941,103,2026-03-02,110.71,Version_B
CUST_17943,106,2026-02-06,120.34,Version_B
CUST_17944,105,2026-03-01,13.32,Version_A
CUST_17964,109,2026-03-04,53.0,Version_B
CUST_17981,103,2026-03-05,117.9,Version_B
CUST_17998,110,2026-03-27,55.33,Version_B
CUST_18004,104,2026-01-29,108.95,Version_B
CUST_18007,112,2026-03-04,69.37,Version_B
CUST_18017,108,2026-03-05,19.79,Version_B
CUST_18030,112,2026-01-27,73.35,Version_A
CUST_18061,103,2026-02-06,39.47,Version_A
CUST_18113,107,2026-03-06,127.02,Version_B
CUST_18114,109,2026-02-14,35.38,Version_A
CUST_18119,112,2026-01-20,49.35,Version_A
CUST_18127,111,2026-01-03,92.73,Version_B
CUST_18130,109,2026-02-26,143.04,Version_B
CUST_18178,108,2026-02-14,66.76,Version_B
CUST_18179,109,2026-03-24,70.17,Version_A
CUST_18181,110,2026-01-18,37.93,Version_A
CUST_18189,109,2026-02-08,431.79,Version_B
CUST_18196,103,2026-03-21,65.09,Version_A
CUST_18197,112,2026-03-04,37.01,Version_A
CUST_18205,103,2026-02-17,86.45,Version_A
CUST_18215,110,2026-01-01,160.39,Version_B
CUST_18216,112,2026-01-09,252.45,Version_A
CUST_18225,102,2026-02-17,36.89,Version_B
CUST_18231,102,2026-01-01,81.27,Version_A
CUST_18250,110,2026-02-22,180.65,Version_A
CUST_18290,110,2026-01-15,142.93,Version_A
CUST_18321,107,2026-03-04,27.38,Version_A
CUST_18357,103,2026-02-14,36.82,Version_A
CUST_18363,109,2026-03-05,72.47,Version_A
CUST_18390,101,2026-01-02,166.55,Version_B
CUST_18391,109,2026-02-27,218.43,Version_A
CUST_18396,109,2026-02-08,78.42,Version_B
CUST_18416,107,2026-03-01,60.61,Version_A
CUST_18423,107,2026-02-05,105.4,Version_A
CUST_18425,111,2026-03-16,42.79,Version_A
CUST_18432,111,2026-01-21,51.72,Version_A
CUST_18436,107,2026-01-03,46.36,Version_B
CUST_18451,109,2026-01-02,37.34,Version_A
CUST_18454,112,2026-01-05,97.16,Version_B
CUST_18478,103,2026-01-25,97.68,Version_A
CUST_18486,109,2026-03-22,36.97,Version_B
CUST_18503,105,2026-02-06,57.8,Version_B
CUST_18507,109,2026-03-11,172.35,Version_A
CUST_18509,105,2026-02-01,116.03,Version_A
CUST_18515,105,2026-03-29,270.05,Version_B
CUST_18519,111,2026-03-16,51.25,Version_B
CUST_18521,109,2026-02-28,43.57,Version_A
CUST_18547,110,2026-01-01,147.54,Version_B
CUST_18557,109,2026-02-01,25.81,Version_A
CUST_18562,110,2026-02-02,48.99,Version_A
CUST_18569,102,2026-01-18,15.16,Version_A
CUST_18578,111,2026-01-19,42.76,Version_A
CUST_18582,110,2026-01-13,162.63,Version_A
CUST_18592,110,2026-01-31,150.64,Version_A
CUST_18612,110,2026-02-04,39.09,Version_B
CUST_18614,112,2026-01-04,117.25,Version_B
CUST_18625,104,2026-01-17,218.71,Version_B
CUST_18643,110,2026-01-07,149.75,Version_B
CUST_18656,110,2026-03-31,50.31,Version_A
CUST_18662,105,2026-02-21,40.61,Version_A
CUST_18666,109,2026-01-25,101.87,Version_A
CUST_18700,112,2026-01-08,158.32,Version_B
CUST_18713,107,2026-03-23,74.41,Version_B
CUST_18728,105,2026-02-28,40.19,Version_B
CUST_18740,101,2026-03-01,93.55,Version_A
CUST_18745,111,2026-01-17,323.36,Version_A
CUST_18773,106,2026-02-27,89.48,Version_A
CUST_18800,110,2026-03-28,282.03,Version_A
CUST_18809,103,2026-03-24,21.78,Version_B
CUST_18813,102,2026-03-23,92.8,Version_B
CUST_18826,108,2026-02-26,249.83,Version_B
CUST_18827,103,2026-02-16,146.0,Version_A
CUST_18832,103,2026-03-15,53.07,Version_A
CUST_18849,109,2026-03-24,187.83,Version_A
CUST_18860,103,2026-01-24,231.86,Version_A
CUST_18869,105,2026-02-23,35.6,Version_B
CUST_18870,111,2026-03-09,43.36,Version_B
CUST_18880,105,2026-03-28,73.46,Version_B
CUST_18882,112,2026-03-28,123.82,Version_B
CUST_18892,110,2026-03-23,179.3,Version_B
CUST_18895,109,2026-03-11,81.04,Version_B
CUST_18901,104,2026-02-16,100.81,Version_A
CUST_18914,101,2026-01-13,147.51,Version_B
CUST_18923,101,2026-02-09,102.24,Version_A
CUST_18940,104,2026-01-18,77.5,Version_A
CUST_18946,110,2026-02-21,125.39,Version_A
CUST_18957,109,2026-03-24,24.89,Version_B
CUST_18958,103,2026-01-28,51.03,Version_B
CUST_18967,106,2026-03-07,27.39,Version_B
CUST_18980,111,2026-03-17,92.24,Version_A
CUST_18986,108,2026-02-17,14.16,Version_A
CUST_18993,109,2026-02-28,288.36,Version_A
CUST_18996,103,2026-01-19,43.9,Version_B
CUST_19013,106,2026-01-01,32.05,Version_A
CUST_19016,112,2026-02-14,91.62,Version_B
CUST_19028,111,2026-03-17,81.68,Version_A
CUST_19031,111,2026-03-01,38.15,Version_A
CUST_19061,103,2026-02-17,33.96,Version_A
CUST_19080,111,2026-02-11,191.22,Version_A
CUST_19097,106,2026-01-22,74.1,Version_A
CUST_19116,109,2026-02-03,216.97,Version_B
CUST_19123,112,2026-03-19,88.08,Version_B
CUST_19146,104,2026-01-13,76.69,Version_A
CUST_19150,111,2026-01-13,77.6,Version_B
CUST_19163,104,2026-01-30,19.48,Version_B
CUST_19182,107,2026-02-27,22.75,Version_B
CUST_19189,102,2026-03-26,48.77,Version_B
CUST_19198,108,2026-03-11,22.15,Version_B
CUST_19232,112,2026-02-16,146.41,Version_B
CUST_19245,105,2026-02-04,75.38,Version_B
CUST_19283,106,2026-03-01,24.74,Version_A
CUST_19298,109,2026-01-05,484.94,Version_B
CUST_19302,110,2026-02-10,23.06,Version_B
CUST_19309,101,2026-02-13,75.45,Version_A
CUST_19317,103,2026-01-21,111.2,Version_B
CUST_19323,111,2026-01-05,54.56,Version_A
CUST_19325,101,2026-02-03,60.39,Version_A
CUST_19336,104,2026-01-22,48.71,Version_B
CUST_19337,112,2026-01-22,77.65,Version_B
CUST_19350,108,2026-02-24,39.89,Version_B
CUST_19372,109,2026-01-16,176.61,Version_A
CUST_19398,111,2026-01-25,527.92,Version_A
CUST_19421,108,2026-01-23,226.95,Version_B
CUST_19423,104,2026-01-18,196.36,Version_B
CUST_19439,107,2026-02-13,117.9,Version_A
CUST_19446,102,2026-02-17,82.24,Version_A
CUST_19462,104,2026-03-30,39.71,Version_A
CUST_19471,101,2026-01-17,137.53,Version_A
CUST_19490,104,2026-02-28,31.31,Version_A
CUST_19499,108,2026-03-15,19.59,Version_B
CUST_19510,106,2026-03-20,189.23,Version_B
CUST_19537,112,2026-03-06,80.63,Version_A
CUST_19548,112,2026-02-22,104.92,Version_B
CUST_19551,111,2026-02-28,29.19,Version_B
CUST_19576,110,2026-03-26,184.28,Version_B
CUST_19578,111,2026-03-13,163.36,Version_A
CUST_19592,112,2026-02-22,322.91,Version_B
CUST_19598,110,2026-02-12,25.34,Version_B
CUST_19616,102,2026-03-08,40.59,Version_B
CUST_19617,111,2026-01-03,324.39,Version_A
CUST_19620,110,2026-01-22,272.12,Version_A
CUST_19637,104,2026-02-01,87.72,Version_A
CUST_19651,106,2026-02-24,54.06,Version_B
CUST_19666,101,2026-01-20,122.09,Version_B
CUST_19682,101,2026-01-06,31.71,Version_B
CUST_19687,109,2026-01-15,123.27,Version_B
CUST_19698,107,2026-02-04,43.88,Version_B
CUST_19714,101,2026-02-10,117.93,Version_A
CUST_19721,105,2026-02-17,74.64,Version_B
CUST_19723,103,2026-03-14,68.22,Version_A
CUST_19729,112,2026-01-30,111.78,Version_B
CUST_19730,111,2026-02-20,50.56,Version_A
CUST_19731,110,2026-01-20,311.09,Version_B
CUST_19742,111,2026-03-21,178.83,Version_B
CUST_19749,102,2026-03-22,19.19,Version_A
CUST_19760,105,2026-01-04,52.29,Version_A
CUST_19763,112,2026-03-06,64.61,Version_A
CUST_19770,104,2026-01-19,149.08,Version_A
CUST_19772,102,2026-01-29,131.0,Version_B
CUST_19776,109,2026-02-26,164.54,Version_A
CUST_19778,103,2026-02-24,136.54,Version_B
CUST_19781,104,2026-01-06,32.62,Version_A
CUST_19802,101,2026-01-18,39.36,Version_B
CUST_19833,112,2026-01-26,60.79,Version_A
CUST_19837,112,2026-03-17,233.9,Version_B
CUST_19838,110,2026-01-26,29.95,Version_B
CUST_19843,111,2026-03-14,197.03,Version_A
CUST_19849,106,2026-02-19,114.5,Version_B
CUST_19874,110,2026-03-11,183.43,Version_B
CUST_19878,108,2026-02-22,147.18,Version_A
CUST_19887,103,2026-02-24,132.97,Version_A
CUST_19905,109,2026-03-08,122.55,Version_B
CUST_19919,110,2026-01-20,52.35,Version_B
CUST_19926,112,2026-02-15,52.47,Version_A
CUST_19928,105,2026-03-14,26.24,Version_B
CUST_19929,111,2026-03-09,51.94,Version_B
CUST_19945,106,2026-01-01,41.58,Version_A
CUST_19947,112,2026-03-11,129.33,Version_A
CUST_19948,101,2026-01-04,59.65,Version_B
CUST_19958,110,2026-02-12,84.67,Version_A
CUST_19969,110,2026-02-07,101.3,Version_A
CUST_19976,110,2026-01-23,184.37,Version_A
CUST_19997,106,2026-03-09,137.15,Version_B
CUST_20007,107,2026-03-31,33.89,Version_A
CUST_20010,108,2026-03-18,18.8,Version_B
CUST_20015,112,2026-02-10,143.5,Version_B
CUST_20019,109,2026-01-22,25.61,Version_B
CUST_20058,112,2026-02-21,190.52,Version_A
CUST_20091,111,2026-03-03,281.26,Version_B
CUST_20096,109,2026-03-02,231.57,Version_A
CUST_20103,112,2026-02-16,277.22,Version_A
CUST_20106,102,2026-03-01,88.81,Version_A
CUST_20116,104,2026-02-27,158.78,Version_B
CUST_20129,107,2026-02-10,85.41,Version_A
CUST_20151,112,2026-01-31,36.58,Version_A
CUST_20156,106,2026-01-13,23.14,Version_B
CUST_20164,103,2026-02-15,88.92,Version_B
CUST_20171,102,2026-02-13,34.18,Version_A
CUST_20208,112,2026-01-01,63.75,Version_A
CUST_20220,103,2026-02-28,49.3,Version_A
CUST_20225,103,2026-01-17,264.54,Version_A
CUST_20230,110,2026-03-18,48.02,Version_A
CUST_20241,101,2026-02-25,130.19,Version_A
CUST_20263,104,2026-01-19,53.79,Version_B
CUST_20264,111,2026-01-23,45.63,Version_B
CUST_20281,112,2026-01-20,43.87,Version_B
CUST_20290,108,2026-03-12,59.57,Version_B
CUST_20306,110,2026-03-25,207.92,Version_B
CUST_20314,102,2026-02-10,17.49,Version_A
CUST_20316,107,2026-01-01,29.66,Version_A
CUST_20323,101,2026-02-04,208.17,Version_A
CUST_20328,111,2026-03-15,44.41,Version_B
CUST_20334,108,2026-02-08,92.72,Version_B
CUST_20335,110,2026-03-29,190.86,Version_B
CUST_20337,102,2026-01-21,26.66,Version_B
CUST_20342,110,2026-01-08,26.12,Version_B
CUST_20348,109,2026-03-21,406.4,Version_A
CUST_20349,103,2026-02-24,67.72,Version_B
CUST_20358,111,2026-02-09,216.79,Version_B
CUST_20364,103,2026-03-11,45.07,Version_B
CUST_20370,110,2026-03-25,44.18,Version_B
CUST_20377,107,2026-02-11,13.53,Version_A
CUST_20382,110,2026-03-25,42.21,Version_A
CUST_20405,111,2026-02-22,275.82,Version_B
CUST_20450,112,2026-01-30,120.76,Version_B
CUST_20460,109,2026-02-12,110.11,Version_B
CUST_20473,109,2026-01-28,261.15,Version_B
CUST_20475,109,2026-03-06,119.61,Version_B
CUST_20489,102,2026-01-06,17.47,Version_B
CUST_20508,102,2026-02-24,39.06,Version_B
CUST_20526,101,2026-03-18,50.86,Version_B
CUST_20589,106,2026-03-23,22.5,Version_A
CUST_20590,106,2026-02-27,23.37,Version_B
CUST_20614,110,2026-01-08,34.82,Version_B
CUST_20616,111,2026-01-13,268.4,Version_B
CUST_20623,104,2026-03-10,24.3,Version_B
CUST_20634,110,2026-03-23,401.25,Version_A
CUST_20642,111,2026-03-12,43.76,Version_A
CUST_20648,110,2026-01-07,55.28,Version_A
CUST_20655,111,2026-01-23,67.6,Version_A
CUST_20659,102,2026-01-24,69.39,Version_A
CUST_20660,104,2026-02-08,16.39,Version_B
CUST_20664,109,2026-01-26,51.48,Version_B
CUST_20686,110,2026-03-04,61.66,Version_B
CUST_20694,108,2026-01-02,154.49,Version_B
CUST_20696,104,2026-02-23,32.52,Version_B
CUST_20701,112,2026-03-05,99.13,Version_A
CUST_20702,105,2026-02-11,26.76,Version_B
CUST_20717,107,2026-01-18,102.77,Version_A
CUST_20719,111,2026-02-18,135.26,Version_A
CUST_20720,105,2026-01-01,144.11,Version_A
CUST_20727,105,2026-02-18,28.78,Version_B
CUST_20747,108,2026-01-06,105.99,Version_A
CUST_20755,104,2026-03-12,136.44,Version_A
CUST_20772,107,2026-01-17,63.37,Version_A
CUST_20778,110,2026-02-28,203.33,Version_A
CUST_20787,112,2026-03-08,100.03,Version_A
CUST_20792,111,2026-03-06,242.81,Version_A
CUST_20798,110,2026-03-13,141.24,Version_B
CUST_20807,109,2026-03-16,163.7,Version_A
CUST_20809,110,2026-01-17,312.06,Version_A
CUST_20820,110,2026-03-23,45.99,Version_B
CUST_20841,105,2026-01-16,33.85,Version_A
CUST_20843,108,2026-02-14,137.21,Version_B
CUST_20868,111,2026-01-15,471.82,Version_A
CUST_20875,109,2026-02-20,100.11,Version_A
CUST_20880,107,2026-01-27,110.09,Version_A
CUST_20890,103,2026-03-22,52.65,Version_B
CUST_20897,110,2026-01-28,116.24,Version_B
CUST_20922,110,2026-01-12,93.33,Version_B
CUST_20929,104,2026-02-10,86.61,Version_B
CUST_20931,112,2026-03-31,31.13,Version_B
CUST_20938,103,2026-03-28,97.0,Version_B
CUST_20945,111,2026-01-09,108.39,Version_B
CUST_20984,111,2026-02-18,96.94,Version_B
CUST_20987,106,2026-01-23,88.65,Version_A
CUST_21001,104,2026-03-20,65.39,Version_B
CUST_21008,112,2026-03-26,111.79,Version_B
CUST_21016,104,2026-01-05,97.77,Version_A
CUST_21031,102,2026-01-10,89.26,Version_A
CUST_21032,112,2026-03-04,301.39,Version_A
CUST_21038,110,2026-02-10,227.91,Version_A
CUST_21044,110,2026-02-24,127.29,Version_A
CUST_21068,102,2026-03-06,32.39,Version_B
CUST_21077,102,2026-02-17,21.33,Version_B
CUST_21083,105,2026-01-26,187.58,Version_A
CUST_21106,102,2026-03-03,46.46,Version_A
CUST_21117,107,2026-01-25,203.32,Version_B
CUST_21118,101,2026-02-27,43.22,Version_A
CUST_21134,105,2026-02-08,261.68,Version_A
CUST_21155,106,2026-03-17,154.43,Version_B
CUST_21161,110,2026-02-11,27.48,Version_A
CUST_21170,102,2026-01-21,48.16,Version_A
CUST_21187,111,2026-01-31,78.32,Version_B
CUST_21192,101,2026-03-04,22.53,Version_B
CUST_21194,106,2026-01-04,153.03,Version_B
CUST_21195,112,2026-03-09,87.74,Version_B
CUST_21228,109,2026-03-26,159.0,Version_A
CUST_21232,110,2026-01-03,97.03,Version_A
CUST_21254,101,2026-01-14,236.02,Version_B
CUST_21260,112,2026-01-03,366.11,Version_A
CUST_21285,104,2026-01-03,268.31,Version_B
CUST_21286,102,2026-01-28,101.17,Version_A
CUST_21291,112,2026-02-16,185.87,Version_B
CUST_21301,111,2026-01-28,24.07,Version_A
CUST_21307,112,2026-01-16,58.13,Version_B
CUST_21317,112,2026-03-25,44.28,Version_A
CUST_21328,112,2026-01-02,49.53,Version_A
CUST_21335,109,2026-02-08,607.06,Version_B
CUST_21337,109,2026-01-31,69.52,Version_A
CUST_21361,102,2026-02-25,98.82,Version_B
CUST_21376,111,2026-01-25,34.67,Version_B
CUST_21377,107,2026-03-02,112.45,Version_B
CUST_21378,111,2026-02-01,73.33,Version_B
CUST_21379,102,2026-01-19,31.91,Version_B
CUST_21388,105,2026-02-28,38.05,Version_B
CUST_21404,110,2026-01-06,41.78,Version_A
CUST_21406,103,2026-02-16,176.62,Version_A
CUST_21426,108,2026-01-13,44.26,Version_B
CUST_21429,109,2026-03-01,439.71,Version_A
CUST_21453,109,2026-02-10,107.28,Version_B
CUST_21455,109,2026-01-17,104.56,Version_B
CUST_21471,104,2026-03-26,156.45,Version_B
CUST_21476,105,2026-02-24,76.98,Version_A
CUST_21482,105,2026-03-05,29.73,Version_A
CUST_21490,111,2026-01-29,59.59,Version_A
CUST_21507,101,2026-02-28,19.57,Version_A
CUST_21511,110,2026-03-26,66.91,Version_B
CUST_21513,103,2026-01-01,78.87,Version_A
CUST_21514,110,2026-03-09,45.48,Version_A
CUST_21533,110,2026-03-02,62.12,Version_A
CUST_21539,104,2026-01-24,80.24,Version_A
CUST_21545,106,2026-03-12,115.31,Version_B
CUST_21563,112,2026-03-30,37.25,Version_B
CUST_21573,110,2026-02-07,25.22,Version_A
CUST_21579,109,2026-01-04,153.21,Version_B
CUST_21582,104,2026-01-06,42.35,Version_A
CUST_21587,112,2026-01-02,104.48,Version_B
CUST_21589,111,2026-01-28,449.7,Version_A
CUST_21591,110,2026-02-28,276.41,Version_A
CUST_21597,104,2026-03-08,54.72,Version_A
CUST_21610,111,2026-01-23,67.73,Version_B
CUST_21616,104,2026-01-10,102.55,Version_B
CUST_21662,111,2026-03-07,23.0,Version_A
CUST_21672,102,2026-01-29,116.72,Version_B
CUST_21694,102,2026-01-25,145.3,Version_A
CUST_21701,106,2026-02-10,145.27,Version_B
CUST_21707,101,2026-01-27,28.14,Version_B
CUST_21709,111,2026-02-02,308.27,Version_B
CUST_21738,112,2026-03-17,42.47,Version_B
CUST_21767,103,2026-03-29,17.02,Version_B
CUST_21771,110,2026-03-31,73.78,Version_A
CUST_21777,107,2026-02-10,350.19,Version_B
CUST_21783,108,2026-01-11,369.93,Version_A
CUST_21806,111,2026-03-21,35.36,Version_A
CUST_21808,106,2026-01-01,101.41,Version_B
CUST_21821,109,2026-03-18,599.8,Version_B
CUST_21839,102,2026-02-15,130.37,Version_A
CUST_21840,104,2026-01-21,147.27,Version_A
CUST_21841,111,2026-01-08,48.39,Version_B
CUST_21843,112,2026-01-04,180.73,Version_B
CUST_21845,110,2026-03-14,44.18,Version_A
CUST_21858,106,2026-03-26,13.53,Version_B
CUST_21869,110,2026-01-06,43.06,Version_B
CUST_21898,103,2026-02-05,16.32,Version_A
CUST_21913,110,2026-03-05,106.59,Version_A
CUST_21916,105,2026-02-27,35.44,Version_B
CUST_21919,110,2026-01-01,494.86,Version_A
CUST_21943,101,2026-03-09,68.6,Version_B
CUST_21952,109,2026-02-10,72.64,Version_B
CUST_21955,103,2026-02-11,19.88,Version_B
CUST_21980,108,2026-01-13,23.93,Version_A
CUST_22002,106,2026-01-31,54.03,Version_A
CUST_22011,112,2026-01-03,397.35,Version_B
CUST_22017,112,2026-02-20,174.31,Version_A
CUST_22031,106,2026-01-26,49.62,Version_B
CUST_22041,112,2026-01-02,20.71,Version_A
CUST_22072,111,2026-03-01,53.07,Version_B
CUST_22084,105,2026-03-21,59.8,Version_B
CUST_22095,109,2026-02-03,56.98,Version_A
CUST_22097,110,2026-01-10,23.93,Version_B
CUST_22102,106,2026-03-02,39.68,Version_B
CUST_22105,107,2026-02-28,87.44,Version_A
CUST_22108,109,2026-01-16,143.34,Version_B
CUST_22112,103,2026-02-18,168.53,Version_A
CUST_22128,101,2026-01-01,19.11,Version_B
CUST_22135,107,2026-02-01,153.59,Version_B
CUST_22136,104,2026-01-14,17.87,Version_B
CUST_22155,105,2026-02-21,20.38,Version_A
CUST_22169,111,2026-03-04,33.39,Version_B
CUST_22190,105,2026-02-01,11.84,Version_B
CUST_22247,102,2026-03-02,138.45,Version_A
CUST_22251,109,2026-03-27,90.03,Version_B
CUST_22258,109,2026-03-25,20.82,Version_B
CUST_22269,102,2026-03-25,53.2,Version_B
CUST_22273,111,2026-02-20,81.12,Version_B
CUST_22277,108,2026-02-19,33.03,Version_A
CUST_22289,105,2026-01-31,57.36,Version_B
CUST_22305,102,2026-03-04,110.05,Version_A
CUST_22314,109,2026-03-06,155.42,Version_A
CUST_22325,111,2026-01-12,22.63,Version_B
CUST_22345,111,2026-03-21,43.97,Version_A
CUST_22351,101,2026-01-09,80.8,Version_B
CUST_22354,103,2026-03-08,64.68,Version_A
CUST_22367,103,2026-01-09,62.07,Version_A
CUST_22372,110,2026-01-27,23.6,Version_A
CUST_22377,112,2026-01-26,120.24,Version_A
CUST_22381,101,2026-03-05,89.98,Version_A
CUST_22384,109,2026-02-06,176.38,Version_B
CUST_22411,105,2026-03-12,219.68,Version_A
CUST_22427,112,2026-01-19,266.74,Version_B
CUST_22456,101,2026-01-08,85.31,Version_B
CUST_22465,111,2026-02-19,21.79,Version_A
CUST_22468,112,2026-03-21,207.39,Version_B
CUST_22475,104,2026-02-07,16.27,Version_B
CUST_22481,112,2026-02-27,33.55,Version_A
CUST_22490,108,2026-01-10,249.33,Version_A
CUST_22492,105,2026-01-20,221.15,Version_A
CUST_22498,112,2026-01-25,90.99,Version_A
CUST_22501,104,2026-03-08,34.08,Version_A
CUST_22503,109,2026-03-05,407.83,Version_A
CUST_22528,112,2026-01-11,57.7,Version_B
CUST_22529,110,2026-02-28,27.95,Version_B
CUST_22559,111,2026-03-28,78.77,Version_B
CUST_22562,110,2026-01-13,322.33,Version_B
CUST_22570,106,2026-02-07,70.38,Version_B
CUST_22572,109,2026-03-29,263.35,Version_A
CUST_22595,106,2026-02-12,89.62,Version_B
CUST_22599,108,2026-03-26,32.87,Version_A
CUST_22611,112,2026-01-31,95.03,Version_B
CUST_22636,111,2026-01-16,248.54,Version_A
CUST_22651,102,2026-01-09,38.11,Version_A
CUST_22667,110,2026-03-31,63.38,Version_B
CUST_22672,101,2026-02-13,154.01,Version_B
CUST_22678,109,2026-01-23,90.42,Version_A
CUST_22685,107,2026-01-15,16.96,Version_B
CUST_22719,107,2026-01-11,80.79,Version_B
CUST_22724,105,2026-01-07,41.27,Version_A
CUST_22731,110,2026-03-28,221.45,Version_B
CUST_22737,107,2026-02-01,18.71,Version_B
CUST_22766,106,2026-02-27,257.1,Version_B
CUST_22776,112,2026-02-17,91.12,Version_A
CUST_22785,108,2026-02-14,24.07,Version_B
CUST_22812,112,2026-03-23,277.15,Version_B
CUST_22818,112,2026-01-07,50.06,Version_A
CUST_22828,109,2026-03-25,39.59,Version_A
CUST_22840,102,2026-01-15,28.79,Version_A
CUST_22857,101,2026-02-26,99.26,Version_A
CUST_22864,102,2026-01-27,77.03,Version_A
CUST_22894,108,2026-03-28,174.47,Version_B
CUST_22918,112,2026-02-09,259.06,Version_A
CUST_22940,108,2026-03-09,29.55,Version_A
CUST_22943,101,2026-01-24,51.31,Version_A
CUST_22950,109,2026-01-03,58.31,Version_B
CUST_22953,111,2026-01-16,52.17,Version_A
CUST_22973,109,2026-03-29,25.1,Version_A
CUST_22988,104,2026-01-01,27.35,Version_A
CUST_22990,109,2026-02-04,42.96,Version_A
CUST_22992,101,2026-02-23,213.63,Version_A
CUST_22993,107,2026-03-18,109.73,Version_A
CUST_22996,112,2026-03-01,116.11,Version_B
CUST_23001,103,2026-02-14,201.73,Version_A
CUST_23003,109,2026-02-26,102.4,Version_B
CUST_23006,101,2026-03-26,30.34,Version_B
CUST_23013,111,2026-02-17,77.49,Version_B
CUST_23028,101,2026-01-01,41.07,Version_B
CUST_23043,103,2026-03-25,26.15,Version_B
CUST_23058,104,2026-01-24,143.19,Version_B
CUST_23086,110,2026-01-12,43.86,Version_B
CUST_23089,112,2026-01-21,308.04,Version_A
CUST_23095,111,2026-02-11,106.03,Version_A
CUST_23100,105,2026-03-19,14.44,Version_B
CUST_23106,102,2026-01-30,49.69,Version_A
CUST_23155,102,2026-02-04,72.07,Version_A
CUST_23160,109,2026-02-23,25.37,Version_B
CUST_23164,105,2026-01-03,39.43,Version_B
CUST_23166,102,2026-01-22,48.14,Version_B
CUST_23171,110,2026-01-28,118.15,Version_B
CUST_23198,106,2026-03-05,14.09,Version_A
CUST_23208,110,2026-03-22,138.64,Version_A
CUST_23216,107,2026-01-23,31.86,Version_A
CUST_23217,112,2026-03-15,59.62,Version_A
CUST_23220,109,2026-02-21,46.34,Version_B
CUST_23228,102,2026-01-29,86.42,Version_B
CUST_23251,103,2026-01-13,70.82,Version_A
CUST_23255,110,2026-02-20,300.14,Version_A
CUST_23261,101,2026-02-26,39.48,Version_B
CUST_23286,107,2026-03-04,380.61,Version_A
CUST_23309,102,2026-01-08,129.56,Version_B
CUST_23313,103,2026-02-06,284.43,Version_A
CUST_23328,110,2026-02-13,63.71,Version_A
CUST_23337,101,2026-01-06,256.46,Version_A
CUST_23355,106,2026-02-11,111.53,Version_A
CUST_23377,106,2026-01-03,17.73,Version_B
CUST_23380,112,2026-03-05,146.85,Version_A
CUST_23383,112,2026-01-31,27.43,Version_B
CUST_23395,108,2026-01-23,55.56,Version_A
CUST_23404,108,2026-03-21,26.22,Version_B
CUST_23405,112,2026-02-14,25.48,Version_B
CUST_23406,112,2026-03-22,138.67,Version_A
CUST_23414,109,2026-03-13,176.95,Version_A
CUST_23419,106,2026-03-10,188.84,Version_A
CUST_23431,112,2026-01-04,197.52,Version_A
CUST_23440,103,2026-03-03,18.52,Version_A
CUST_23448,107,2026-03-07,55.34,Version_B
CUST_23472,109,2026-01-30,198.95,Version_A
CUST_23478,111,2026-01-31,334.39,Version_B
CUST_23485,103,2026-02-24,100.25,Version_A
CUST_23491,103,2026-01-30,75.52,Version_A
CUST_23495,112,2026-02-02,50.68,Version_A
CUST_23504,107,2026-03-30,14.12,Version_B
CUST_23515,104,2026-02-08,100.52,Version_A
CUST_23516,110,2026-02-16,103.11,Version_B
CUST_23532,103,2026-02-14,23.76,Version_A
CUST_23558,112,2026-03-29,21.58,Version_B
CUST_23601,109,2026-03-09,158.98,Version_B
CUST_23621,108,2026-03-28,92.29,Version_B
CUST_23622,103,2026-01-02,46.73,Version_A
CUST_23629,109,2026-01-14,57.74,Version_A
CUST_23637,102,2026-01-24,36.14,Version_A
CUST_23638,110,2026-02-17,180.42,Version_A
CUST_23641,106,2026-01-21,60.34,Version_A
CUST_23643,108,2026-02-05,64.61,Version_A
CUST_23652,103,2026-02-05,54.74,Version_B
CUST_23660,112,2026-03-19,47.41,Version_B
CUST_23671,103,2026-02-23,403.22,Version_A
CUST_23680,103,2026-03-27,39.24,Version_A
CUST_23689,108,2026-02-25,55.27,Version_B
CUST_23708,101,2026-02-05,29.63,Version_B
CUST_23712,105,2026-02-20,35.87,Version_B
CUST_23713,111,2026-02-24,373.03,Version_A
CUST_23721,111,2026-01-01,31.97,Version_A
CUST_23729,102,2026-02-24,124.0,Version_B
CUST_23732,110,2026-03-22,70.07,Version_B
CUST_23735,104,2026-02-01,29.99,Version_B
CUST_23741,109,2026-02-13,47.99,Version_A
CUST_23745,109,2026-03-15,281.17,Version_B
CUST_23758,102,2026-01-24,26.16,Version_B
CUST_23759,104,2026-01-19,133.44,Version_B
CUST_23763,102,2026-02-13,274.7,Version_A
CUST_23768,111,2026-02-04,339.0,Version_A
CUST_23780,109,2026-03-21,75.13,Version_B
CUST_23783,101,2026-01-31,133.45,Version_A
CUST_23789,112,2026-01-24,107.62,Version_A
CUST_23790,109,2026-01-23,124.7,Version_A
CUST_23800,112,2026-02-03,379.99,Version_B
CUST_23804,110,2026-01-20,44.64,Version_B
CUST_23809,102,2026-02-19,116.65,Version_B
CUST_23826,109,2026-03-22,83.72,Version_B
CUST_23830,103,2026-02-26,27.92,Version_B
CUST_23834,111,2026-03-06,27.57,Version_A
CUST_23849,104,2026-03-20,81.07,Version_B
CUST_23854,102,2026-03-03,102.39,Version_A
CUST_23865,110,2026-01-05,531.74,Version_B
CUST_23873,111,2026-02-13,200.56,Version_A
CUST_23878,107,2026-02-20,22.82,Version_A
CUST_23883,105,2026-03-10,119.16,Version_A
CUST_23884,110,2026-03-01,68.9,Version_B
CUST_23900,112,2026-01-04,117.72,Version_B
CUST_23924,111,2026-02-15,20.56,Version_A
CUST_23929,103,2026-03-18,130.65,Version_A
CUST_23943,110,2026-02-25,244.58,Version_A
CUST_23952,110,2026-02-28,507.67,Version_B
CUST_23954,104,2026-01-09,27.06,Version_A
CUST_23963,102,2026-01-17,202.7,Version_B
CUST_23968,105,2026-01-14,255.76,Version_B
CUST_23971,110,2026-01-15,310.99,Version_B
CUST_23992,112,2026-03-23,116.22,Version_A
CUST_24004,105,2026-01-27,304.25,Version_B
CUST_24028,104,2026-03-11,126.13,Version_A
CUST_24054,109,2026-03-04,47.05,Version_B
CUST_24060,111,2026-03-27,382.12,Version_A
CUST_24066,112,2026-01-24,56.32,Version_B
CUST_24083,106,2026-01-09,19.52,Version_A
CUST_24091,111,2026-02-14,55.88,Version_A
CUST_24104,109,2026-03-13,29.6,Version_A
CUST_24107,104,2026-02-14,161.17,Version_B
CUST_24124,104,2026-02-23,55.01,Version_A
CUST_24137,101,2026-01-27,33.27,Version_B
CUST_24154,112,2026-01-19,77.16,Version_B
CUST_24160,111,2026-02-26,85.82,Version_B
CUST_24166,102,2026-01-16,87.3,Version_B
CUST_24170,109,2026-03-15,98.78,Version_B
CUST_24179,102,2026-01-24,34.1,Version_A
CUST_24200,110,2026-01-07,86.59,Version_A
CUST_24201,102,2026-03-18,87.98,Version_A
CUST_24205,112,2026-03-09,29.32,Version_B
CUST_24209,105,2026-01-05,36.97,Version_A
CUST_24219,105,2026-02-26,86.62,Version_B
CUST_24221,109,2026-02-20,151.59,Version_A
CUST_24274,111,2026-03-22,153.73,Version_B
CUST_24276,111,2026-02-10,22.03,Version_B
CUST_24292,109,2026-02-22,147.74,Version_A
CUST_24295,104,2026-02-26,98.36,Version_B
CUST_24296,109,2026-02-27,174.93,Version_B
CUST_24311,112,2026-02-24,132.07,Version_A
CUST_24348,110,2026-03-19,37.32,Version_B
CUST_24350,105,2026-01-24,459.65,Version_B
CUST_24367,104,2026-03-08,410.05,Version_A
CUST_24376,103,2026-01-06,29.38,Version_A
CUST_24386,101,2026-03-11,27.76,Version_A
CUST_24387,111,2026-01-30,99.11,Version_A
CUST_24397,110,2026-03-09,192.6,Version_A
CUST_24398,111,2026-03-23,215.44,Version_A
CUST_24413,105,2026-03-03,60.35,Version_A
CUST_24422,110,2026-02-12,45.26,Version_B
CUST_24423,110,2026-03-09,147.15,Version_B
CUST_24442,108,2026-02-24,84.65,Version_A
CUST_24447,104,2026-01-23,57.99,Version_A
CUST_24486,101,2026-02-18,65.01,Version_A
CUST_24488,112,2026-01-13,73.92,Version_B
CUST_24493,103,2026-02-24,122.35,Version_B
CUST_24498,110,2026-03-15,374.62,Version_B
CUST_24504,109,2026-03-22,26.73,Version_A
CUST_24512,112,2026-01-25,65.94,Version_A
CUST_24524,107,2026-03-25,18.25,Version_B
CUST_24525,104,2026-03-08,50.17,Version_A
CUST_24538,102,2026-03-03,60.36,Version_B
CUST_24548,110,2026-01-16,133.54,Version_A
CUST_24552,112,2026-02-10,79.16,Version_A
CUST_24557,112,2026-02-18,76.07,Version_B
CUST_24566,112,2026-02-19,847.1,Version_A
CUST_24574,103,2026-03-21,203.91,Version_A
CUST_24579,110,2026-03-02,133.5,Version_A
CUST_24588,110,2026-02-09,154.55,Version_B
CUST_24591,111,2026-02-19,206.82,Version_A
CUST_24610,102,2026-02-09,56.48,Version_A
CUST_24629,109,2026-01-31,76.15,Version_A
CUST_24643,105,2026-01-26,191.29,Version_A
CUST_24673,112,2026-03-29,277.03,Version_A
CUST_24690,107,2026-03-28,45.08,Version_B
CUST_24723,104,2026-03-16,31.49,Version_A
CUST_24729,106,2026-02-15,131.52,Version_B
CUST_24731,102,2026-01-05,72.23,Version_B
CUST_24733,102,2026-03-23,41.17,Version_A
CUST_24754,112,2026-03-01,45.41,Version_A
CUST_24758,112,2026-02-04,32.15,Version_B
CUST_24778,111,2026-01-08,176.6,Version_A
CUST_24786,112,2026-02-08,186.68,Version_A
CUST_24795,102,2026-01-05,32.12,Version_A
CUST_24796,112,2026-03-06,69.45,Version_A
CUST_24799,112,2026-01-13,322.5,Version_B
CUST_24803,101,2026-02-04,173.92,Version_A
CUST_24823,109,2026-01-19,96.52,Version_B
CUST_24833,104,2026-02-26,19.16,Version_B
CUST_24845,111,2026-02-08,159.86,Version_B
CUST_24873,102,2026-01-04,21.29,Version_B
CUST_24881,111,2026-03-08,72.92,Version_B
CUST_24884,109,2026-01-29,32.45,Version_A
CUST_24886,112,2026-03-04,540.44,Version_B
CUST_24888,101,2026-03-19,57.2,Version_A
CUST_24896,104,2026-01-23,232.38,Version_A
CUST_24915,112,2026-02-11,248.21,Version_A
CUST_24928,105,2026-01-20,21.65,Version_A
CUST_24930,102,2026-02-02,89.15,Version_B
CUST_24961,110,2026-02-28,277.89,Version_A
CUST_24966,109,2026-02-14,21.29,Version_B
CUST_24974,109,2026-03-17,153.29,Version_A
CUST_24975,111,2026-01-01,39.87,Version_A
CUST_24984,109,2026-02-23,69.89,Version_B
CUST_24989,101,2026-01-03,118.3,Version_B
CUST_24994,106,2026-01-21,33.79,Version_B
